{
  "config": {
    "project": "xward-481405",
    "min_lon": 87.2,
    "min_lat": 22.2,
    "max_lon": 87.45,
    "max_lat": 22.45,
    "t0": 2017,
    "t1": 2020,
    "t2": 2023,
    "tf": 2026,
    "scale": 30,
    "max_pixels": 10000000000000.0,
    "sample_size": 200000,
    "hidden_layers": "128,128,64",
    "max_iter": 500,
    "ca_neighborhood": 5,
    "suitability_weight": 0.65,
    "neighborhood_weight": 0.3,
    "stochastic_weight": 0.05,
    "inertia_threshold": 0.45,
    "skip_download": true,
    "seed": 42,
    "outdir": "outputs"
  },
  "classes": {
    "0": "water",
    "1": "trees",
    "2": "grass",
    "3": "flooded_vegetation",
    "4": "crops",
    "5": "shrub_and_scrub",
    "6": "built",
    "7": "bare",
    "8": "snow_and_ice"
  },
  "ann_validation": {
    "accuracy": 0.8683833333333333,
    "kappa": 0.7785245766306713
  },
  "hindcast_metrics": {
    "accuracy": 0.8625847439461162,
    "kappa": 0.7737210421507058,
    "confusion_matrix": [
      [
        14883,
        497,
        46,
        123,
        1897,
        238,
        170,
        294,
        0
      ],
      [
        947,
        164577,
        549,
        98,
        16385,
        10313,
        6331,
        125,
        0
      ],
      [
        14,
        140,
        1505,
        24,
        950,
        233,
        2,
        0,
        0
      ],
      [
        466,
        37,
        2,
        161,
        312,
        25,
        3,
        41,
        0
      ],
      [
        1630,
        16642,
        3663,
        67,
        453257,
        6844,
        2366,
        483,
        3
      ],
      [
        96,
        2919,
        1510,
        22,
        6609,
        18197,
        262,
        311,
        0
      ],
      [
        301,
        15685,
        887,
        0,
        12500,
        1818,
        89880,
        476,
        0
      ],
      [
        546,
        234,
        78,
        56,
        495,
        701,
        1128,
        1986,
        0
      ],
      [
        0,
        0,
        0,
        0,
        0,
        0,
        1,
        0,
        0
      ]
    ],
    "per_class": {
      "water": {
        "precision": 0.7881692527670391,
        "recall": 0.8200903680846374,
        "f1-score": 0.8038130215225082,
        "support": 18148.0
      },
      "trees": {
        "precision": 0.8198883082334069,
        "recall": 0.8256716417910448,
        "f1-score": 0.8227698122262883,
        "support": 199325.0
      },
      "grass": {
        "precision": 0.18264563106796117,
        "recall": 0.5247559274755927,
        "f1-score": 0.27097587324450845,
        "support": 2868.0
      },
      "flooded_vegetation": {
        "precision": 0.29219600725952816,
        "recall": 0.15377268385864373,
        "f1-score": 0.20150187734668334,
        "support": 1047.0
      },
      "crops": {
        "precision": 0.9204963393954164,
        "recall": 0.9346372343825716,
        "f1-score": 0.9275128918719817,
        "support": 484955.0
      },
      "shrub_and_scrub": {
        "precision": 0.4742630769631734,
        "recall": 0.6080665641916728,
        "f1-score": 0.5328940625228787,
        "support": 29926.0
      },
      "built": {
        "precision": 0.8975165513315958,
        "recall": 0.7394670374423062,
        "f1-score": 0.8108620145247869,
        "support": 121547.0
      },
      "bare": {
        "precision": 0.5344456404736275,
        "recall": 0.38016845329249616,
        "f1-score": 0.4442953020134228,
        "support": 5224.0
      },
      "snow_and_ice": {
        "precision": 0.0,
        "recall": 0.0,
        "f1-score": 0.0,
        "support": 1.0
      },
      "accuracy": 0.8625847439461162,
      "macro avg": {
        "precision": 0.5455134230546387,
        "recall": 0.5540699900576629,
        "f1-score": 0.534958317252562,
        "support": 863041.0
      },
      "weighted avg": {
        "precision": 0.8702161043688348,
        "recall": 0.8625847439461162,
        "f1-score": 0.864620068961546,
        "support": 863041.0
      }
    }
  },
  "transition_matrix_t0_t1": [
    [
      12711,
      576,
      16,
      498,
      941,
      169,
      136,
      198,
      0
    ],
    [
      976,
      170116,
      190,
      51,
      14677,
      6348,
      12320,
      308,
      0
    ],
    [
      23,
      507,
      2833,
      0,
      1460,
      1129,
      37,
      0,
      0
    ],
    [
      220,
      33,
      3,
      85,
      64,
      4,
      2,
      0,
      0
    ],
    [
      2702,
      19193,
      6479,
      371,
      463497,
      13655,
      9411,
      319,
      0
    ],
    [
      406,
      4839,
      380,
      78,
      4653,
      17866,
      997,
      447,
      0
    ],
    [
      138,
      5888,
      4,
      5,
      2839,
      383,
      76142,
      273,
      0
    ],
    [
      1380,
      109,
      4,
      321,
      541,
      397,
      470,
      2223,
      0
    ],
    [
      0,
      0,
      0,
      0,
      0,
      0,
      0,
      0,
      0
    ]
  ],
  "transition_matrix_t1_t2": [
    [
      14705,
      931,
      14,
      420,
      1586,
      91,
      287,
      522,
      0
    ],
    [
      496,
      164776,
      136,
      36,
      16914,
      2877,
      15794,
      232,
      0
    ],
    [
      48,
      641,
      1605,
      2,
      4929,
      1703,
      900,
      81,
      0
    ],
    [
      332,
      182,
      103,
      369,
      289,
      63,
      0,
      71,
      0
    ],
    [
      1835,
      15929,
      774,
      147,
      450896,
      6014,
      12602,
      475,
      0
    ],
    [
      243,
      10570,
      234,
      24,
      7632,
      18618,
      1925,
      705,
      0
    ],
    [
      169,
      6171,
      2,
      3,
      2225,
      248,
      89573,
      1123,
      1
    ],
    [
      320,
      125,
      0,
      46,
      484,
      312,
      466,
      2015,
      0
    ],
    [
      0,
      0,
      0,
      0,
      0,
      0,
      0,
      0,
      0
    ]
  ],
  "transition_matrix_t2_tf": [
    [
      18100,
      9,
      0,
      0,
      6,
      3,
      1,
      29,
      0
    ],
    [
      5,
      195883,
      0,
      1,
      3121,
      49,
      260,
      5,
      1
    ],
    [
      0,
      6,
      1622,
      1,
      1238,
      1,
      0,
      0,
      0
    ],
    [
      57,
      1,
      0,
      138,
      851,
      0,
      0,
      0,
      0
    ],
    [
      90,
      1067,
      109,
      4,
      483411,
      137,
      129,
      4,
      4
    ],
    [
      1,
      603,
      2,
      1,
      4318,
      24920,
      41,
      39,
      1
    ],
    [
      9,
      111,
      1,
      0,
      77,
      3,
      121083,
      262,
      1
    ],
    [
      17,
      22,
      0,
      0,
      15,
      168,
      125,
      4877,
      0
    ],
    [
      0,
      0,
      0,
      0,
      1,
      0,
      0,
      0,
      0
    ]
  ],
  "area_km2": {
    "2017": {
      "water": 12.6922,
      "trees": 170.6605,
      "grass": 4.9861,
      "flooded_vegetation": 0.3422,
      "crops": 429.2836,
      "shrub_and_scrub": 24.6983,
      "built": 71.326,
      "bare": 4.5332,
      "snow_and_ice": 0.0
    },
    "2020": {
      "water": 15.4487,
      "trees": 167.5592,
      "grass": 8.2497,
      "flooded_vegetation": 1.1731,
      "crops": 406.8423,
      "shrub_and_scrub": 33.2611,
      "built": 82.8509,
      "bare": 3.137,
      "snow_and_ice": 0.0
    },
    "2023": {
      "water": 15.1091,
      "trees": 165.9474,
      "grass": 2.3877,
      "flooded_vegetation": 0.8717,
      "crops": 403.7478,
      "shrub_and_scrub": 24.9148,
      "built": 101.1936,
      "bare": 4.3492,
      "snow_and_ice": 0.0008
    },
    "2026_simulated": {
      "water": 15.2181,
      "trees": 164.5962,
      "grass": 1.4436,